{"buffer":{"time":132.173622,"memory":52432624},"stream":{"time":152.67085899999998,"memory":52064512}}